[
    {
        "brgy": "Alegria",
        "municipality": "Barcelona",
        "city": "Sorsogon",
        "id": "lrdnwdayu92lsi7xw4i",
        "check": false
    },
    {
        "brgy": "Bagacay",
        "municipality": "Barcelona",
        "city": "Sorsogon",
        "id": "lrdnwdazrx7yrgi7ehc",
        "check": false
    },
    {
        "brgy": "Bangate",
        "municipality": "Barcelona",
        "city": "Sorsogon",
        "id": "lrdnwdazn0lg4cvcdw",
        "check": false
    },
    {
        "brgy": "Bugtong",
        "municipality": "Barcelona",
        "city": "Sorsogon",
        "id": "lrdnwdaz0td4lk5oz84",
        "check": false
    },
    {
        "brgy": "Cagang",
        "municipality": "Barcelona",
        "city": "Sorsogon",
        "id": "lrdnwdazwa22v673qqk",
        "check": false
    },
    {
        "brgy": "Fabrica",
        "municipality": "Barcelona",
        "city": "Sorsogon",
        "id": "lrdnwdazwzsh8igbadp",
        "check": false
    },
    {
        "brgy": "Jibong",
        "municipality": "Barcelona",
        "city": "Sorsogon",
        "id": "lrdnwdaznif35zdbdn",
        "check": false
    },
    {
        "brgy": "Lago",
        "municipality": "Barcelona",
        "city": "Sorsogon",
        "id": "lrdnwdaz5lzucgc1fas",
        "check": false
    },
    {
        "brgy": "Layog",
        "municipality": "Barcelona",
        "city": "Sorsogon",
        "id": "lrdnwdazsy5g02wz08r",
        "check": false
    },
    {
        "brgy": "Luneta",
        "municipality": "Barcelona",
        "city": "Sorsogon",
        "id": "lrdnwdazbmupe5sr6h",
        "check": false
    },
    {
        "brgy": "Macabari",
        "municipality": "Barcelona",
        "city": "Sorsogon",
        "id": "lrdnwdazph0c1ut8tip",
        "check": false
    },
    {
        "brgy": "Mapapac",
        "municipality": "Barcelona",
        "city": "Sorsogon",
        "id": "lrdnwdazml6cwd4k14",
        "check": false
    },
    {
        "brgy": "Olandia",
        "municipality": "Barcelona",
        "city": "Sorsogon",
        "id": "lrdnwdazfjpmn58pds",
        "check": false
    },
    {
        "brgy": "Paghaluban",
        "municipality": "Barcelona",
        "city": "Sorsogon",
        "id": "lrdnwdazzudumoo19js",
        "check": false
    },
    {
        "brgy": "Poblacion Central",
        "municipality": "Barcelona",
        "city": "Sorsogon",
        "id": "lrdnwdaz9pswheminf4",
        "check": false
    },
    {
        "brgy": "Poblacion Norte",
        "municipality": "Barcelona",
        "city": "Sorsogon",
        "id": "lrdnwdazjw8ulkx0mq",
        "check": false
    },
    {
        "brgy": "Poblacion Sur",
        "municipality": "Barcelona",
        "city": "Sorsogon",
        "id": "lrdnwdazyuvncbbcfs",
        "check": false
    },
    {
        "brgy": "Putiao",
        "municipality": "Barcelona",
        "city": "Sorsogon",
        "id": "lrdnwdazuknr6z95ny",
        "check": false
    },
    {
        "brgy": "San Antonio",
        "municipality": "Barcelona",
        "city": "Sorsogon",
        "id": "lrdnwdaz9znslxcszhw",
        "check": false
    },
    {
        "brgy": "San Isidro",
        "municipality": "Barcelona",
        "city": "Sorsogon",
        "id": "lrdnwdazw05gfinrgy9",
        "check": false
    },
    {
        "brgy": "San Ramon",
        "municipality": "Barcelona",
        "city": "Sorsogon",
        "id": "lrdnwdaz4rjh1ti0qah",
        "check": false
    },
    {
        "brgy": "San Vicente",
        "municipality": "Barcelona",
        "city": "Sorsogon",
        "id": "lrdnwdaz1pt1i7hf5g7",
        "check": false
    },
    {
        "brgy": "Santa Cruz",
        "municipality": "Barcelona",
        "city": "Sorsogon",
        "id": "lrdnwdaz6sys3hwgubi",
        "check": false
    },
    {
        "brgy": "Santa Lourdes",
        "municipality": "Barcelona",
        "city": "Sorsogon",
        "id": "lrdnwdazocjckn2f49",
        "check": false
    },
    {
        "brgy": "Tagdon",
        "municipality": "Barcelona",
        "city": "Sorsogon",
        "id": "lrdnwdazkt9h85rvxud",
        "check": false
    },
    {
        "brgy": "A. Bonifacio",
        "municipality": "Bulan",
        "city": "Sorsogon",
        "id": "lrdnwdaza290lzjgsgs",
        "check": false
    },
    {
        "brgy": "Abad Santos",
        "municipality": "Bulan",
        "city": "Sorsogon",
        "id": "lrdnwdazyeiymbv3wrl",
        "check": false
    },
    {
        "brgy": "Aguinaldo",
        "municipality": "Bulan",
        "city": "Sorsogon",
        "id": "lrdnwdaze59ye4o0zc",
        "check": false
    },
    {
        "brgy": "Antipolo",
        "municipality": "Bulan",
        "city": "Sorsogon",
        "id": "lrdnwdazyj956g3js5",
        "check": false
    },
    {
        "brgy": "Beguin",
        "municipality": "Bulan",
        "city": "Sorsogon",
        "id": "lrdnwdazo4774951fd",
        "check": false
    },
    {
        "brgy": "Benigno S. Aquino",
        "municipality": "Bulan",
        "city": "Sorsogon",
        "id": "lrdnwdaz8r8s9ylnerg",
        "check": false
    },
    {
        "brgy": "Bical",
        "municipality": "Bulan",
        "city": "Sorsogon",
        "id": "lrdnwdazjtvkpohq8yh",
        "check": false
    },
    {
        "brgy": "Bonga",
        "municipality": "Bulan",
        "city": "Sorsogon",
        "id": "lrdnwdazzgxe6lr0ahb",
        "check": false
    },
    {
        "brgy": "Butag",
        "municipality": "Bulan",
        "city": "Sorsogon",
        "id": "lrdnwdazzo09s31w2lc",
        "check": false
    },
    {
        "brgy": "Cadandanan",
        "municipality": "Bulan",
        "city": "Sorsogon",
        "id": "lrdnwdazdv14q4lp3zp",
        "check": false
    },
    {
        "brgy": "Calomagon",
        "municipality": "Bulan",
        "city": "Sorsogon",
        "id": "lrdnwdazoe2vr4xzlz",
        "check": false
    },
    {
        "brgy": "Calpi",
        "municipality": "Bulan",
        "city": "Sorsogon",
        "id": "lrdnwdaz638iucv04m4",
        "check": false
    },
    {
        "brgy": "Cocok-Cabitan",
        "municipality": "Bulan",
        "city": "Sorsogon",
        "id": "lrdnwdazsbqcmsjvey",
        "check": false
    },
    {
        "brgy": "Daganas",
        "municipality": "Bulan",
        "city": "Sorsogon",
        "id": "lrdnwdazccmd9a2vl0e",
        "check": false
    },
    {
        "brgy": "Danao",
        "municipality": "Bulan",
        "city": "Sorsogon",
        "id": "lrdnwdazqdfcfkdhh4",
        "check": false
    },
    {
        "brgy": "Dolos",
        "municipality": "Bulan",
        "city": "Sorsogon",
        "id": "lrdnwdaz3huajc17as",
        "check": false
    },
    {
        "brgy": "E. Quirino",
        "municipality": "Bulan",
        "city": "Sorsogon",
        "id": "lrdnwdazl1ej5t0c17",
        "check": false
    },
    {
        "brgy": "Fabrica",
        "municipality": "Bulan",
        "city": "Sorsogon",
        "id": "lrdnwdb03jn6waouu29",
        "check": false
    },
    {
        "brgy": "G. del Pilar",
        "municipality": "Bulan",
        "city": "Sorsogon",
        "id": "lrdnwdb0v11av6cs1lo",
        "check": false
    },
    {
        "brgy": "Gate",
        "municipality": "Bulan",
        "city": "Sorsogon",
        "id": "lrdnwdb0k71p7bn47kc",
        "check": false
    },
    {
        "brgy": "Inararan",
        "municipality": "Bulan",
        "city": "Sorsogon",
        "id": "lrdnwdb0zm4xo7kcty",
        "check": false
    },
    {
        "brgy": "J. Gerona",
        "municipality": "Bulan",
        "city": "Sorsogon",
        "id": "lrdnwdb04asb51rckl6",
        "check": false
    },
    {
        "brgy": "J. P. Laurel",
        "municipality": "Bulan",
        "city": "Sorsogon",
        "id": "lrdnwdb0g19vby9b6o5",
        "check": false
    },
    {
        "brgy": "Jamorawon",
        "municipality": "Bulan",
        "city": "Sorsogon",
        "id": "lrdnwdb074w76lr3pqb",
        "check": false
    },
    {
        "brgy": "Lajong",
        "municipality": "Bulan",
        "city": "Sorsogon",
        "id": "lrdnwdb0q3jjr1skp8k",
        "check": false
    },
    {
        "brgy": "Libertad",
        "municipality": "Bulan",
        "city": "Sorsogon",
        "id": "lrdnwdb0koakdghcno",
        "check": false
    },
    {
        "brgy": "M. Roxas",
        "municipality": "Bulan",
        "city": "Sorsogon",
        "id": "lrdnwdb05arv9sc813x",
        "check": false
    },
    {
        "brgy": "Magsaysay",
        "municipality": "Bulan",
        "city": "Sorsogon",
        "id": "lrdnwdb0qn4c6l45pp",
        "check": false
    },
    {
        "brgy": "Managanaga",
        "municipality": "Bulan",
        "city": "Sorsogon",
        "id": "lrdnwdb0co5jbpcjw2",
        "check": false
    },
    {
        "brgy": "Marinab",
        "municipality": "Bulan",
        "city": "Sorsogon",
        "id": "lrdnwdb00jgem8i92rcb",
        "check": false
    },
    {
        "brgy": "Montecalvario",
        "municipality": "Bulan",
        "city": "Sorsogon",
        "id": "lrdnwdb04bzjgsj3ra5",
        "check": false
    },
    {
        "brgy": "N. Roque",
        "municipality": "Bulan",
        "city": "Sorsogon",
        "id": "lrdnwdb0nfjekklh13q",
        "check": false
    },
    {
        "brgy": "Namo",
        "municipality": "Bulan",
        "city": "Sorsogon",
        "id": "lrdnwdb0x8quzeq49tn",
        "check": false
    },
    {
        "brgy": "Nasuje",
        "municipality": "Bulan",
        "city": "Sorsogon",
        "id": "lrdnwdb0rlk381nvl78",
        "check": false
    },
    {
        "brgy": "Obrero",
        "municipality": "Bulan",
        "city": "Sorsogon",
        "id": "lrdnwdb07gwah6f86kg",
        "check": false
    },
    {
        "brgy": "Osmeña",
        "municipality": "Bulan",
        "city": "Sorsogon",
        "id": "lrdnwdb0fzfzudw91l",
        "check": false
    },
    {
        "brgy": "Otavi",
        "municipality": "Bulan",
        "city": "Sorsogon",
        "id": "lrdnwdb0sf7wdoxfo4r",
        "check": false
    },
    {
        "brgy": "Padre Diaz",
        "municipality": "Bulan",
        "city": "Sorsogon",
        "id": "lrdnwdb0b90m7j4aoap",
        "check": false
    },
    {
        "brgy": "Palale",
        "municipality": "Bulan",
        "city": "Sorsogon",
        "id": "lrdnwdb05u0mlxq76ad",
        "check": false
    },
    {
        "brgy": "Quezon",
        "municipality": "Bulan",
        "city": "Sorsogon",
        "id": "lrdnwdb03z16217y23",
        "check": false
    },
    {
        "brgy": "R. Gerona",
        "municipality": "Bulan",
        "city": "Sorsogon",
        "id": "lrdnwdb0ucbbuermwmr",
        "check": false
    },
    {
        "brgy": "Recto",
        "municipality": "Bulan",
        "city": "Sorsogon",
        "id": "lrdnwdb07800fzty1gt",
        "check": false
    },
    {
        "brgy": "Sagrada",
        "municipality": "Bulan",
        "city": "Sorsogon",
        "id": "lrdnwdb0uv77bm4wav",
        "check": false
    },
    {
        "brgy": "San Francisco",
        "municipality": "Bulan",
        "city": "Sorsogon",
        "id": "lrdnwdb0k30wch4jcee",
        "check": false
    },
    {
        "brgy": "San Isidro",
        "municipality": "Bulan",
        "city": "Sorsogon",
        "id": "lrdnwdb0p0b5l4qimw",
        "check": false
    },
    {
        "brgy": "San Juan Bag-o",
        "municipality": "Bulan",
        "city": "Sorsogon",
        "id": "lrdnwdb08yji2hc2cal",
        "check": false
    },
    {
        "brgy": "San Juan Daan",
        "municipality": "Bulan",
        "city": "Sorsogon",
        "id": "lrdnwdb0imjz6dg31kp",
        "check": false
    },
    {
        "brgy": "San Rafael",
        "municipality": "Bulan",
        "city": "Sorsogon",
        "id": "lrdnwdb07r8qoqnvr9i",
        "check": false
    },
    {
        "brgy": "San Ramon",
        "municipality": "Bulan",
        "city": "Sorsogon",
        "id": "lrdnwdb0muuczjpf2cj",
        "check": false
    },
    {
        "brgy": "San Vicente",
        "municipality": "Bulan",
        "city": "Sorsogon",
        "id": "lrdnwdb0gldfz10doie",
        "check": false
    },
    {
        "brgy": "Santa Remedios",
        "municipality": "Bulan",
        "city": "Sorsogon",
        "id": "lrdnwdb0o7tqvawvse",
        "check": false
    },
    {
        "brgy": "Santa Teresita",
        "municipality": "Bulan",
        "city": "Sorsogon",
        "id": "lrdnwdb0jgq9ji0c5ql",
        "check": false
    },
    {
        "brgy": "Sigad",
        "municipality": "Bulan",
        "city": "Sorsogon",
        "id": "lrdnwdb04b9tt7nmhou",
        "check": false
    },
    {
        "brgy": "Somagongsong",
        "municipality": "Bulan",
        "city": "Sorsogon",
        "id": "lrdnwdb0jvm4uricqs",
        "check": false
    },
    {
        "brgy": "Taromata",
        "municipality": "Bulan",
        "city": "Sorsogon",
        "id": "lrdnwdb0xwhbhlwkjtf",
        "check": false
    },
    {
        "brgy": "Zone I Poblacion",
        "municipality": "Bulan",
        "city": "Sorsogon",
        "id": "lrdnwdb0zp8ayjdurpg",
        "check": false
    },
    {
        "brgy": "Zone II Poblacion",
        "municipality": "Bulan",
        "city": "Sorsogon",
        "id": "lrdnwdb0qhjsronder",
        "check": false
    },
    {
        "brgy": "Zone III Poblacion",
        "municipality": "Bulan",
        "city": "Sorsogon",
        "id": "lrdnwdb08yk36vabhp",
        "check": false
    },
    {
        "brgy": "Zone IV Poblacion",
        "municipality": "Bulan",
        "city": "Sorsogon",
        "id": "lrdnwdb05smu3lvj8zl",
        "check": false
    },
    {
        "brgy": "Zone V Poblacion",
        "municipality": "Bulan",
        "city": "Sorsogon",
        "id": "lrdnwdb0kkzptzo6oc",
        "check": false
    },
    {
        "brgy": "Zone VI Poblacion",
        "municipality": "Bulan",
        "city": "Sorsogon",
        "id": "lrdnwdb02r9pu5mr8ob",
        "check": false
    },
    {
        "brgy": "Zone VII Poblacion",
        "municipality": "Bulan",
        "city": "Sorsogon",
        "id": "lrdnwdb1cgx5kj7bwi",
        "check": false
    },
    {
        "brgy": "Zone VIII Poblacion",
        "municipality": "Bulan",
        "city": "Sorsogon",
        "id": "lrdnwdb18fvuoufmp4l",
        "check": false
    },
    {
        "brgy": "Bagacay",
        "municipality": "Bulusan",
        "city": "Sorsogon",
        "id": "lrdnwdb1gzqf7lni3vg",
        "check": false
    },
    {
        "brgy": "Central",
        "municipality": "Bulusan",
        "city": "Sorsogon",
        "id": "lrdnwdb1y6txonx6bqf",
        "check": false
    },
    {
        "brgy": "Cogon",
        "municipality": "Bulusan",
        "city": "Sorsogon",
        "id": "lrdnwdb1qbatxni4gji",
        "check": false
    },
    {
        "brgy": "Dancalan",
        "municipality": "Bulusan",
        "city": "Sorsogon",
        "id": "lrdnwdb1x29cd38zhqp",
        "check": false
    },
    {
        "brgy": "Dapdap",
        "municipality": "Bulusan",
        "city": "Sorsogon",
        "id": "lrdnwdb1uflusbdulce",
        "check": false
    },
    {
        "brgy": "Lalud",
        "municipality": "Bulusan",
        "city": "Sorsogon",
        "id": "lrdnwdb19hasdi0g0b",
        "check": false
    },
    {
        "brgy": "Looban",
        "municipality": "Bulusan",
        "city": "Sorsogon",
        "id": "lrdnwdb1ue7f31l0q5",
        "check": false
    },
    {
        "brgy": "Mabuhay",
        "municipality": "Bulusan",
        "city": "Sorsogon",
        "id": "lrdnwdb1cnrsrkyxoa",
        "check": false
    },
    {
        "brgy": "Madlawon",
        "municipality": "Bulusan",
        "city": "Sorsogon",
        "id": "lrdnwdb1te6885iydo",
        "check": false
    },
    {
        "brgy": "Poctol",
        "municipality": "Bulusan",
        "city": "Sorsogon",
        "id": "lrdnwdb1ywuuvgid9xq",
        "check": false
    },
    {
        "brgy": "Porog",
        "municipality": "Bulusan",
        "city": "Sorsogon",
        "id": "lrdnwdb1wt407p9gh8i",
        "check": false
    },
    {
        "brgy": "Sabang",
        "municipality": "Bulusan",
        "city": "Sorsogon",
        "id": "lrdnwdb19z45ebdfouc",
        "check": false
    },
    {
        "brgy": "Salvacion",
        "municipality": "Bulusan",
        "city": "Sorsogon",
        "id": "lrdnwdb1bcza0m80mqi",
        "check": false
    },
    {
        "brgy": "San Antonio",
        "municipality": "Bulusan",
        "city": "Sorsogon",
        "id": "lrdnwdb1uthebn4vqrd",
        "check": false
    },
    {
        "brgy": "San Bernardo",
        "municipality": "Bulusan",
        "city": "Sorsogon",
        "id": "lrdnwdb1qrdpn5ip6bd",
        "check": false
    },
    {
        "brgy": "San Francisco",
        "municipality": "Bulusan",
        "city": "Sorsogon",
        "id": "lrdnwdb16o8zfqyvw2t",
        "check": false
    },
    {
        "brgy": "San Isidro",
        "municipality": "Bulusan",
        "city": "Sorsogon",
        "id": "lrdnwdb114seqq3j2d6",
        "check": false
    },
    {
        "brgy": "San Jose",
        "municipality": "Bulusan",
        "city": "Sorsogon",
        "id": "lrdnwdb1nepg3xrz5gc",
        "check": false
    },
    {
        "brgy": "San Rafael",
        "municipality": "Bulusan",
        "city": "Sorsogon",
        "id": "lrdnwdb14z9bqksrweh",
        "check": false
    },
    {
        "brgy": "San Roque",
        "municipality": "Bulusan",
        "city": "Sorsogon",
        "id": "lrdnwdb1ijkf097r5h",
        "check": false
    },
    {
        "brgy": "San Vicente",
        "municipality": "Bulusan",
        "city": "Sorsogon",
        "id": "lrdnwdb1gg6eda396dn",
        "check": false
    },
    {
        "brgy": "Santa Barbara",
        "municipality": "Bulusan",
        "city": "Sorsogon",
        "id": "lrdnwdb1glchnsz0l75",
        "check": false
    },
    {
        "brgy": "Sapngan",
        "municipality": "Bulusan",
        "city": "Sorsogon",
        "id": "lrdnwdb1sp1r7368mxn",
        "check": false
    },
    {
        "brgy": "Tinampo",
        "municipality": "Bulusan",
        "city": "Sorsogon",
        "id": "lrdnwdb1vl7bjvo6499",
        "check": false
    },
    {
        "brgy": "Adovis",
        "municipality": "Casiguran",
        "city": "Sorsogon",
        "id": "lrdnwdb14hruwqry464",
        "check": false
    },
    {
        "brgy": "Boton",
        "municipality": "Casiguran",
        "city": "Sorsogon",
        "id": "lrdnwdb1jg9tasik7m8",
        "check": false
    },
    {
        "brgy": "Burgos",
        "municipality": "Casiguran",
        "city": "Sorsogon",
        "id": "lrdnwdb199dvvvfw1p",
        "check": false
    },
    {
        "brgy": "Casay",
        "municipality": "Casiguran",
        "city": "Sorsogon",
        "id": "lrdnwdb1p994kpv0ynn",
        "check": false
    },
    {
        "brgy": "Cawit",
        "municipality": "Casiguran",
        "city": "Sorsogon",
        "id": "lrdnwdb17rtjdin7a5n",
        "check": false
    },
    {
        "brgy": "Central",
        "municipality": "Casiguran",
        "city": "Sorsogon",
        "id": "lrdnwdb1836edcgkh1u",
        "check": false
    },
    {
        "brgy": "Cogon",
        "municipality": "Casiguran",
        "city": "Sorsogon",
        "id": "lrdnwdb16lbt4tylpm6",
        "check": false
    },
    {
        "brgy": "Colambis",
        "municipality": "Casiguran",
        "city": "Sorsogon",
        "id": "lrdnwdb12w2mbunii4d",
        "check": false
    },
    {
        "brgy": "Escuala",
        "municipality": "Casiguran",
        "city": "Sorsogon",
        "id": "lrdnwdb1e1wm60jb7vj",
        "check": false
    },
    {
        "brgy": "Inlagadian",
        "municipality": "Casiguran",
        "city": "Sorsogon",
        "id": "lrdnwdb1gs8ifgy78cv",
        "check": false
    },
    {
        "brgy": "Lungib",
        "municipality": "Casiguran",
        "city": "Sorsogon",
        "id": "lrdnwdb12fn0b4tkvye",
        "check": false
    },
    {
        "brgy": "Mabini",
        "municipality": "Casiguran",
        "city": "Sorsogon",
        "id": "lrdnwdb13grsa4t72ks",
        "check": false
    },
    {
        "brgy": "Ponong",
        "municipality": "Casiguran",
        "city": "Sorsogon",
        "id": "lrdnwdb1406iyy3gya6",
        "check": false
    },
    {
        "brgy": "Rizal",
        "municipality": "Casiguran",
        "city": "Sorsogon",
        "id": "lrdnwdb198eyjzy8uxu",
        "check": false
    },
    {
        "brgy": "San Antonio",
        "municipality": "Casiguran",
        "city": "Sorsogon",
        "id": "lrdnwdb1l2n02w5zsl",
        "check": false
    },
    {
        "brgy": "San Isidro",
        "municipality": "Casiguran",
        "city": "Sorsogon",
        "id": "lrdnwdb1yq9imwu6se",
        "check": false
    },
    {
        "brgy": "San Juan",
        "municipality": "Casiguran",
        "city": "Sorsogon",
        "id": "lrdnwdb1qevp8k3q5xr",
        "check": false
    },
    {
        "brgy": "San Pascual",
        "municipality": "Casiguran",
        "city": "Sorsogon",
        "id": "lrdnwdb1l6vbhae3a3d",
        "check": false
    },
    {
        "brgy": "Santa Cruz",
        "municipality": "Casiguran",
        "city": "Sorsogon",
        "id": "lrdnwdb1v8r0o43rwso",
        "check": false
    },
    {
        "brgy": "Somal-ot",
        "municipality": "Casiguran",
        "city": "Sorsogon",
        "id": "lrdnwdb1m4ipgna6cl",
        "check": false
    },
    {
        "brgy": "Tigbao",
        "municipality": "Casiguran",
        "city": "Sorsogon",
        "id": "lrdnwdb1bods3jf38o",
        "check": false
    },
    {
        "brgy": "Timbayog",
        "municipality": "Casiguran",
        "city": "Sorsogon",
        "id": "lrdnwdb1n7ujo0tomgk",
        "check": false
    },
    {
        "brgy": "Tiris",
        "municipality": "Casiguran",
        "city": "Sorsogon",
        "id": "lrdnwdb1pl43vdo81d",
        "check": false
    },
    {
        "brgy": "Trece Martirez",
        "municipality": "Casiguran",
        "city": "Sorsogon",
        "id": "lrdnwdb1hgri60rq6g",
        "check": false
    },
    {
        "brgy": "Tulay",
        "municipality": "Casiguran",
        "city": "Sorsogon",
        "id": "lrdnwdb10put5jwa7av",
        "check": false
    },
    {
        "brgy": "Amomonting",
        "municipality": "Castilla",
        "city": "Sorsogon",
        "id": "lrdnwdb1c59q7grpb7l",
        "check": false
    },
    {
        "brgy": "Bagalayag",
        "municipality": "Castilla",
        "city": "Sorsogon",
        "id": "lrdnwdb19z2o336kxzc",
        "check": false
    },
    {
        "brgy": "Bagong Sirang",
        "municipality": "Castilla",
        "city": "Sorsogon",
        "id": "lrdnwdb19i43541v4b",
        "check": false
    },
    {
        "brgy": "Bonga",
        "municipality": "Castilla",
        "city": "Sorsogon",
        "id": "lrdnwdb19tfwaatfdjm",
        "check": false
    },
    {
        "brgy": "Buenavista",
        "municipality": "Castilla",
        "city": "Sorsogon",
        "id": "lrdnwdb1nhhoejx6tec",
        "check": false
    },
    {
        "brgy": "Burabod",
        "municipality": "Castilla",
        "city": "Sorsogon",
        "id": "lrdnwdb2xnlug82kdra",
        "check": false
    },
    {
        "brgy": "Caburacan",
        "municipality": "Castilla",
        "city": "Sorsogon",
        "id": "lrdnwdb224q97ofnd0ai",
        "check": false
    },
    {
        "brgy": "Canjela",
        "municipality": "Castilla",
        "city": "Sorsogon",
        "id": "lrdnwdb2pgcsbumysr",
        "check": false
    },
    {
        "brgy": "Cogon",
        "municipality": "Castilla",
        "city": "Sorsogon",
        "id": "lrdnwdb2tsobn5ghn7",
        "check": false
    },
    {
        "brgy": "Cumadcad",
        "municipality": "Castilla",
        "city": "Sorsogon",
        "id": "lrdnwdb2xqon8uw42oj",
        "check": false
    },
    {
        "brgy": "Dangcalan",
        "municipality": "Castilla",
        "city": "Sorsogon",
        "id": "lrdnwdb2ih0kf6qzdu",
        "check": false
    },
    {
        "brgy": "Dinapa",
        "municipality": "Castilla",
        "city": "Sorsogon",
        "id": "lrdnwdb2b2at8el1jvd",
        "check": false
    },
    {
        "brgy": "La Union",
        "municipality": "Castilla",
        "city": "Sorsogon",
        "id": "lrdnwdb23ywd8roows7",
        "check": false
    },
    {
        "brgy": "Libtong",
        "municipality": "Castilla",
        "city": "Sorsogon",
        "id": "lrdnwdb2s4y4z4v7mta",
        "check": false
    },
    {
        "brgy": "Loreto",
        "municipality": "Castilla",
        "city": "Sorsogon",
        "id": "lrdnwdb2lbvevgkvk1",
        "check": false
    },
    {
        "brgy": "Macalaya",
        "municipality": "Castilla",
        "city": "Sorsogon",
        "id": "lrdnwdb2ntbo61qo9ae",
        "check": false
    },
    {
        "brgy": "Maracabac",
        "municipality": "Castilla",
        "city": "Sorsogon",
        "id": "lrdnwdb2xep9dzblpei",
        "check": false
    },
    {
        "brgy": "Mayon",
        "municipality": "Castilla",
        "city": "Sorsogon",
        "id": "lrdnwdb2gpirhzq6bn",
        "check": false
    },
    {
        "brgy": "Maypangi",
        "municipality": "Castilla",
        "city": "Sorsogon",
        "id": "lrdnwdb24wiirek7jel",
        "check": false
    },
    {
        "brgy": "Milagrosa",
        "municipality": "Castilla",
        "city": "Sorsogon",
        "id": "lrdnwdb24oys2oa6sy",
        "check": false
    },
    {
        "brgy": "Miluya",
        "municipality": "Castilla",
        "city": "Sorsogon",
        "id": "lrdnwdb2limsmh08u4s",
        "check": false
    },
    {
        "brgy": "Monte Carmelo",
        "municipality": "Castilla",
        "city": "Sorsogon",
        "id": "lrdnwdb26pry4o7qoch",
        "check": false
    },
    {
        "brgy": "Oras",
        "municipality": "Castilla",
        "city": "Sorsogon",
        "id": "lrdnwdb2368pwzkxjyn",
        "check": false
    },
    {
        "brgy": "Pandan",
        "municipality": "Castilla",
        "city": "Sorsogon",
        "id": "lrdnwdb2i4tgsdqgpf",
        "check": false
    },
    {
        "brgy": "Poblacion",
        "municipality": "Castilla",
        "city": "Sorsogon",
        "id": "lrdnwdb23seihsh2bw7",
        "check": false
    },
    {
        "brgy": "Quirapi",
        "municipality": "Castilla",
        "city": "Sorsogon",
        "id": "lrdnwdb2n345pozb94a",
        "check": false
    },
    {
        "brgy": "Saclayan",
        "municipality": "Castilla",
        "city": "Sorsogon",
        "id": "lrdnwdb2bojrwxdp9fj",
        "check": false
    },
    {
        "brgy": "Salvacion",
        "municipality": "Castilla",
        "city": "Sorsogon",
        "id": "lrdnwdb2uaycwjwbdf8",
        "check": false
    },
    {
        "brgy": "San Isidro",
        "municipality": "Castilla",
        "city": "Sorsogon",
        "id": "lrdnwdb2wxcnjqcs75k",
        "check": false
    },
    {
        "brgy": "San Rafael",
        "municipality": "Castilla",
        "city": "Sorsogon",
        "id": "lrdnwdb21qgcxgx7k2j",
        "check": false
    },
    {
        "brgy": "San Roque",
        "municipality": "Castilla",
        "city": "Sorsogon",
        "id": "lrdnwdb25psj6a2cvk9",
        "check": false
    },
    {
        "brgy": "San Vicente",
        "municipality": "Castilla",
        "city": "Sorsogon",
        "id": "lrdnwdb2kzzidvptv2i",
        "check": false
    },
    {
        "brgy": "Sogoy",
        "municipality": "Castilla",
        "city": "Sorsogon",
        "id": "lrdnwdb2vg37omcw3vi",
        "check": false
    },
    {
        "brgy": "Tomalaytay",
        "municipality": "Castilla",
        "city": "Sorsogon",
        "id": "lrdnwdb2j7nurw1whjn",
        "check": false
    },
    {
        "brgy": "Alin",
        "municipality": "Donsol",
        "city": "Sorsogon",
        "id": "lrdnwdb2ggzntfyf6kf",
        "check": false
    },
    {
        "brgy": "Awai",
        "municipality": "Donsol",
        "city": "Sorsogon",
        "id": "lrdnwdb2crr8yxtxxas",
        "check": false
    },
    {
        "brgy": "Banban",
        "municipality": "Donsol",
        "city": "Sorsogon",
        "id": "lrdnwdb2ksypxgmbbf",
        "check": false
    },
    {
        "brgy": "Bandi",
        "municipality": "Donsol",
        "city": "Sorsogon",
        "id": "lrdnwdb2rav0oo8u38h",
        "check": false
    },
    {
        "brgy": "Banuang Gurang",
        "municipality": "Donsol",
        "city": "Sorsogon",
        "id": "lrdnwdb2kcg4la5x8kc",
        "check": false
    },
    {
        "brgy": "Baras",
        "municipality": "Donsol",
        "city": "Sorsogon",
        "id": "lrdnwdb2eq3b3g9aq1q",
        "check": false
    },
    {
        "brgy": "Bayawas",
        "municipality": "Donsol",
        "city": "Sorsogon",
        "id": "lrdnwdb2cgb718io14w",
        "check": false
    },
    {
        "brgy": "Bororan Barangay 1",
        "municipality": "Donsol",
        "city": "Sorsogon",
        "id": "lrdnwdb28ie52mmn055",
        "check": false
    },
    {
        "brgy": "Cabugao",
        "municipality": "Donsol",
        "city": "Sorsogon",
        "id": "lrdnwdb23sddu5oppgl",
        "check": false
    },
    {
        "brgy": "Central Barangay 2",
        "municipality": "Donsol",
        "city": "Sorsogon",
        "id": "lrdnwdb240iow6i10dc",
        "check": false
    },
    {
        "brgy": "Cristo",
        "municipality": "Donsol",
        "city": "Sorsogon",
        "id": "lrdnwdb2hh7f82cgi2s",
        "check": false
    },
    {
        "brgy": "Dancalan",
        "municipality": "Donsol",
        "city": "Sorsogon",
        "id": "lrdnwdb2svyovok0bbj",
        "check": false
    },
    {
        "brgy": "De Vera",
        "municipality": "Donsol",
        "city": "Sorsogon",
        "id": "lrdnwdb2xdb92c306k8",
        "check": false
    },
    {
        "brgy": "Gimagaan",
        "municipality": "Donsol",
        "city": "Sorsogon",
        "id": "lrdnwdb21ylcmgbwo7l",
        "check": false
    },
    {
        "brgy": "Girawan",
        "municipality": "Donsol",
        "city": "Sorsogon",
        "id": "lrdnwdb2wno8x6zib1",
        "check": false
    },
    {
        "brgy": "Gogon",
        "municipality": "Donsol",
        "city": "Sorsogon",
        "id": "lrdnwdb21uyto4dly88i",
        "check": false
    },
    {
        "brgy": "Gura",
        "municipality": "Donsol",
        "city": "Sorsogon",
        "id": "lrdnwdb2jsyy1vok2j9",
        "check": false
    },
    {
        "brgy": "Juan Adre",
        "municipality": "Donsol",
        "city": "Sorsogon",
        "id": "lrdnwdb27pgviz1yx6a",
        "check": false
    },
    {
        "brgy": "Lourdes",
        "municipality": "Donsol",
        "city": "Sorsogon",
        "id": "lrdnwdb3xhqpj6qwnki",
        "check": false
    },
    {
        "brgy": "Mabini",
        "municipality": "Donsol",
        "city": "Sorsogon",
        "id": "lrdnwdb3v7fcciwevuh",
        "check": false
    },
    {
        "brgy": "Malapoc",
        "municipality": "Donsol",
        "city": "Sorsogon",
        "id": "lrdnwdb33x8x0iwidlj",
        "check": false
    },
    {
        "brgy": "Malinao",
        "municipality": "Donsol",
        "city": "Sorsogon",
        "id": "lrdnwdb3xrecsie7dc9",
        "check": false
    },
    {
        "brgy": "Market Site Barangay 3",
        "municipality": "Donsol",
        "city": "Sorsogon",
        "id": "lrdnwdb3oqqcnt4ywr",
        "check": false
    },
    {
        "brgy": "New Maguisa",
        "municipality": "Donsol",
        "city": "Sorsogon",
        "id": "lrdnwdb3xamtm7ybpp",
        "check": false
    },
    {
        "brgy": "Ogod",
        "municipality": "Donsol",
        "city": "Sorsogon",
        "id": "lrdnwdb3uyhk7aru5xf",
        "check": false
    },
    {
        "brgy": "Old Maguisa",
        "municipality": "Donsol",
        "city": "Sorsogon",
        "id": "lrdnwdb3lp5grjmetmh",
        "check": false
    },
    {
        "brgy": "Orange",
        "municipality": "Donsol",
        "city": "Sorsogon",
        "id": "lrdnwdb3jhf58vnp71",
        "check": false
    },
    {
        "brgy": "Pangpang",
        "municipality": "Donsol",
        "city": "Sorsogon",
        "id": "lrdnwdb3qaz0cmn5b9a",
        "check": false
    },
    {
        "brgy": "Parina",
        "municipality": "Donsol",
        "city": "Sorsogon",
        "id": "lrdnwdb318yzzcnbfkj",
        "check": false
    },
    {
        "brgy": "Pawala",
        "municipality": "Donsol",
        "city": "Sorsogon",
        "id": "lrdnwdb3bxrlkz2h7se",
        "check": false
    },
    {
        "brgy": "Pinamanaan",
        "municipality": "Donsol",
        "city": "Sorsogon",
        "id": "lrdnwdb35oq1qon1mf6",
        "check": false
    },
    {
        "brgy": "Poso Poblacion",
        "municipality": "Donsol",
        "city": "Sorsogon",
        "id": "lrdnwdb36y4c9ozedjt",
        "check": false
    },
    {
        "brgy": "Punta Waling-Waling Poblacion",
        "municipality": "Donsol",
        "city": "Sorsogon",
        "id": "lrdnwdb3h3sz0jch35t",
        "check": false
    },
    {
        "brgy": "Rawis",
        "municipality": "Donsol",
        "city": "Sorsogon",
        "id": "lrdnwdb3toen8pzgrz",
        "check": false
    },
    {
        "brgy": "San Antonio",
        "municipality": "Donsol",
        "city": "Sorsogon",
        "id": "lrdnwdb3sv41zc709za",
        "check": false
    },
    {
        "brgy": "San Isidro",
        "municipality": "Donsol",
        "city": "Sorsogon",
        "id": "lrdnwdb3wmy68yxgci",
        "check": false
    },
    {
        "brgy": "San Jose",
        "municipality": "Donsol",
        "city": "Sorsogon",
        "id": "lrdnwdb3g6hxx6sd6u",
        "check": false
    },
    {
        "brgy": "San Rafael",
        "municipality": "Donsol",
        "city": "Sorsogon",
        "id": "lrdnwdb5h9jlpen9oe",
        "check": false
    },
    {
        "brgy": "San Ramon",
        "municipality": "Donsol",
        "city": "Sorsogon",
        "id": "lrdnwdb5c6w7tielb2e",
        "check": false
    },
    {
        "brgy": "San Vicente",
        "municipality": "Donsol",
        "city": "Sorsogon",
        "id": "lrdnwdb52s7xqtevhdr",
        "check": false
    },
    {
        "brgy": "Santa Cruz",
        "municipality": "Donsol",
        "city": "Sorsogon",
        "id": "lrdnwdb5fv01ov8ckfe",
        "check": false
    },
    {
        "brgy": "Sevilla",
        "municipality": "Donsol",
        "city": "Sorsogon",
        "id": "lrdnwdb59bhe7lu4wt",
        "check": false
    },
    {
        "brgy": "Sibago",
        "municipality": "Donsol",
        "city": "Sorsogon",
        "id": "lrdnwdb59mi9sjl7set",
        "check": false
    },
    {
        "brgy": "Suguian",
        "municipality": "Donsol",
        "city": "Sorsogon",
        "id": "lrdnwdb5to9uhq19j1",
        "check": false
    },
    {
        "brgy": "Tagbac",
        "municipality": "Donsol",
        "city": "Sorsogon",
        "id": "lrdnwdb5op7zn8ds0t",
        "check": false
    },
    {
        "brgy": "Tinanogan",
        "municipality": "Donsol",
        "city": "Sorsogon",
        "id": "lrdnwdb5p5vu490kr1o",
        "check": false
    },
    {
        "brgy": "Tongdol",
        "municipality": "Donsol",
        "city": "Sorsogon",
        "id": "lrdnwdb527xl1yyd1q3",
        "check": false
    },
    {
        "brgy": "Tres Marias",
        "municipality": "Donsol",
        "city": "Sorsogon",
        "id": "lrdnwdb5ud64sux720r",
        "check": false
    },
    {
        "brgy": "Tuba",
        "municipality": "Donsol",
        "city": "Sorsogon",
        "id": "lrdnwdb5d8m6zl6hwa",
        "check": false
    },
    {
        "brgy": "Tupas",
        "municipality": "Donsol",
        "city": "Sorsogon",
        "id": "lrdnwdb5lq9hgzhlttg",
        "check": false
    },
    {
        "brgy": "Vinisitahan",
        "municipality": "Donsol",
        "city": "Sorsogon",
        "id": "lrdnwdb59fpmo7q1wru",
        "check": false
    },
    {
        "brgy": "Ariman",
        "municipality": "Gubat",
        "city": "Sorsogon",
        "id": "lrdnwdb502ycacgzhakk",
        "check": false
    },
    {
        "brgy": "Bagacay",
        "municipality": "Gubat",
        "city": "Sorsogon",
        "id": "lrdnwdb5cj7ar8p58hc",
        "check": false
    },
    {
        "brgy": "Balud del Norte",
        "municipality": "Gubat",
        "city": "Sorsogon",
        "id": "lrdnwdb51nq6yx2k1ay",
        "check": false
    },
    {
        "brgy": "Balud del Sur",
        "municipality": "Gubat",
        "city": "Sorsogon",
        "id": "lrdnwdb5ki5r53k7rnj",
        "check": false
    },
    {
        "brgy": "Benguet",
        "municipality": "Gubat",
        "city": "Sorsogon",
        "id": "lrdnwdb5o79oef8okz",
        "check": false
    },
    {
        "brgy": "Bentuco",
        "municipality": "Gubat",
        "city": "Sorsogon",
        "id": "lrdnwdb532233twc7ba",
        "check": false
    },
    {
        "brgy": "Beriran",
        "municipality": "Gubat",
        "city": "Sorsogon",
        "id": "lrdnwdb5djp5uqdvgse",
        "check": false
    },
    {
        "brgy": "Buenavista",
        "municipality": "Gubat",
        "city": "Sorsogon",
        "id": "lrdnwdb5la2pkk6nd1b",
        "check": false
    },
    {
        "brgy": "Bulacao",
        "municipality": "Gubat",
        "city": "Sorsogon",
        "id": "lrdnwdb5u55i0w1mkv9",
        "check": false
    },
    {
        "brgy": "Cabigaan",
        "municipality": "Gubat",
        "city": "Sorsogon",
        "id": "lrdnwdb5wonvw7nerus",
        "check": false
    },
    {
        "brgy": "Cabiguhan",
        "municipality": "Gubat",
        "city": "Sorsogon",
        "id": "lrdnwdb5o77hs7x0f79",
        "check": false
    },
    {
        "brgy": "Carriedo",
        "municipality": "Gubat",
        "city": "Sorsogon",
        "id": "lrdnwdb5ewc8ma6j0wa",
        "check": false
    },
    {
        "brgy": "Casili",
        "municipality": "Gubat",
        "city": "Sorsogon",
        "id": "lrdnwdb57g4i448spsc",
        "check": false
    },
    {
        "brgy": "Cogon",
        "municipality": "Gubat",
        "city": "Sorsogon",
        "id": "lrdnwdb5awgtw6d46me",
        "check": false
    },
    {
        "brgy": "Cota na Daco",
        "municipality": "Gubat",
        "city": "Sorsogon",
        "id": "lrdnwdb5cmj0tm5jyh",
        "check": false
    },
    {
        "brgy": "Dita",
        "municipality": "Gubat",
        "city": "Sorsogon",
        "id": "lrdnwdb5sl3ofx0oafc",
        "check": false
    },
    {
        "brgy": "Jupi",
        "municipality": "Gubat",
        "city": "Sorsogon",
        "id": "lrdnwdb5ffnaek0ndiq",
        "check": false
    },
    {
        "brgy": "Lapinig",
        "municipality": "Gubat",
        "city": "Sorsogon",
        "id": "lrdnwdb556rl3q27rsp",
        "check": false
    },
    {
        "brgy": "Luna-Candol",
        "municipality": "Gubat",
        "city": "Sorsogon",
        "id": "lrdnwdb5x6qh3t9tf8b",
        "check": false
    },
    {
        "brgy": "Manapao",
        "municipality": "Gubat",
        "city": "Sorsogon",
        "id": "lrdnwdb5cmm51hsauef",
        "check": false
    },
    {
        "brgy": "Manook",
        "municipality": "Gubat",
        "city": "Sorsogon",
        "id": "lrdnwdb5vb23jd5b8tk",
        "check": false
    },
    {
        "brgy": "Naagtan",
        "municipality": "Gubat",
        "city": "Sorsogon",
        "id": "lrdnwdb550jqn372gxj",
        "check": false
    },
    {
        "brgy": "Nato",
        "municipality": "Gubat",
        "city": "Sorsogon",
        "id": "lrdnwdb6ljut62u6xog",
        "check": false
    },
    {
        "brgy": "Nazareno",
        "municipality": "Gubat",
        "city": "Sorsogon",
        "id": "lrdnwdb6oj04xedf8pg",
        "check": false
    },
    {
        "brgy": "Ogao",
        "municipality": "Gubat",
        "city": "Sorsogon",
        "id": "lrdnwdb6i5ov9dwvep",
        "check": false
    },
    {
        "brgy": "Paco",
        "municipality": "Gubat",
        "city": "Sorsogon",
        "id": "lrdnwdb6kbmczbsyxss",
        "check": false
    },
    {
        "brgy": "Panganiban",
        "municipality": "Gubat",
        "city": "Sorsogon",
        "id": "lrdnwdb6brnpq4jri2h",
        "check": false
    },
    {
        "brgy": "Paradijon",
        "municipality": "Gubat",
        "city": "Sorsogon",
        "id": "lrdnwdb6rfqbe7f9es",
        "check": false
    },
    {
        "brgy": "Patag",
        "municipality": "Gubat",
        "city": "Sorsogon",
        "id": "lrdnwdb6ytyt1f48eg",
        "check": false
    },
    {
        "brgy": "Payawin",
        "municipality": "Gubat",
        "city": "Sorsogon",
        "id": "lrdnwdb65hw1h62eix9",
        "check": false
    },
    {
        "brgy": "Pinontingan",
        "municipality": "Gubat",
        "city": "Sorsogon",
        "id": "lrdnwdb6msgl6hup1an",
        "check": false
    },
    {
        "brgy": "Rizal",
        "municipality": "Gubat",
        "city": "Sorsogon",
        "id": "lrdnwdb69iu1hi2dvs5",
        "check": false
    },
    {
        "brgy": "San Ignacio",
        "municipality": "Gubat",
        "city": "Sorsogon",
        "id": "lrdnwdb6s3v1apqdq2m",
        "check": false
    },
    {
        "brgy": "Sangat",
        "municipality": "Gubat",
        "city": "Sorsogon",
        "id": "lrdnwdb6rsrgzvgzhf",
        "check": false
    },
    {
        "brgy": "Santa Ana",
        "municipality": "Gubat",
        "city": "Sorsogon",
        "id": "lrdnwdb6lnz4v255qsk",
        "check": false
    },
    {
        "brgy": "Tabi",
        "municipality": "Gubat",
        "city": "Sorsogon",
        "id": "lrdnwdb6y8yc6ewurc",
        "check": false
    },
    {
        "brgy": "Tagaytay",
        "municipality": "Gubat",
        "city": "Sorsogon",
        "id": "lrdnwdb6bhjqxto0mul",
        "check": false
    },
    {
        "brgy": "Tigkiw",
        "municipality": "Gubat",
        "city": "Sorsogon",
        "id": "lrdnwdb6hwpcjznse2v",
        "check": false
    },
    {
        "brgy": "Tiris",
        "municipality": "Gubat",
        "city": "Sorsogon",
        "id": "lrdnwdb6ifhg64opzrl",
        "check": false
    },
    {
        "brgy": "Togawe",
        "municipality": "Gubat",
        "city": "Sorsogon",
        "id": "lrdnwdb6lbsh6phqrcq",
        "check": false
    },
    {
        "brgy": "Union",
        "municipality": "Gubat",
        "city": "Sorsogon",
        "id": "lrdnwdb6320gt5p9clj",
        "check": false
    },
    {
        "brgy": "Villareal",
        "municipality": "Gubat",
        "city": "Sorsogon",
        "id": "lrdnwdb6plwttpsoitp",
        "check": false
    },
    {
        "brgy": "Bacolod",
        "municipality": "Irosin",
        "city": "Sorsogon",
        "id": "lrdnwdb6usdcmqzbanc",
        "check": false
    },
    {
        "brgy": "Bagsangan",
        "municipality": "Irosin",
        "city": "Sorsogon",
        "id": "lrdnwdb6f0dhop3u43m",
        "check": false
    },
    {
        "brgy": "Batang",
        "municipality": "Irosin",
        "city": "Sorsogon",
        "id": "lrdnwdb6d9ktoc0hwdd",
        "check": false
    },
    {
        "brgy": "Bolos",
        "municipality": "Irosin",
        "city": "Sorsogon",
        "id": "lrdnwdb6fixa9lmagy7",
        "check": false
    },
    {
        "brgy": "Buenavista",
        "municipality": "Irosin",
        "city": "Sorsogon",
        "id": "lrdnwdb6jxg099fao9",
        "check": false
    },
    {
        "brgy": "Bulawan",
        "municipality": "Irosin",
        "city": "Sorsogon",
        "id": "lrdnwdb6ghzecyd55yb",
        "check": false
    },
    {
        "brgy": "Carriedo",
        "municipality": "Irosin",
        "city": "Sorsogon",
        "id": "lrdnwdb6zd729pqexi",
        "check": false
    },
    {
        "brgy": "Casini",
        "municipality": "Irosin",
        "city": "Sorsogon",
        "id": "lrdnwdb6ytprvxsq0of",
        "check": false
    },
    {
        "brgy": "Cawayan",
        "municipality": "Irosin",
        "city": "Sorsogon",
        "id": "lrdnwdb68tscratgemj",
        "check": false
    },
    {
        "brgy": "Cogon",
        "municipality": "Irosin",
        "city": "Sorsogon",
        "id": "lrdnwdb6grnzceq1rd",
        "check": false
    },
    {
        "brgy": "Gabao",
        "municipality": "Irosin",
        "city": "Sorsogon",
        "id": "lrdnwdb6hia3xvrnq3o",
        "check": false
    },
    {
        "brgy": "Gulang-Gulang",
        "municipality": "Irosin",
        "city": "Sorsogon",
        "id": "lrdnwdb6klqzk1g10d",
        "check": false
    },
    {
        "brgy": "Gumapia",
        "municipality": "Irosin",
        "city": "Sorsogon",
        "id": "lrdnwdb6azdx9utmy9b",
        "check": false
    },
    {
        "brgy": "Liang",
        "municipality": "Irosin",
        "city": "Sorsogon",
        "id": "lrdnwdb6cgzm7c298cu",
        "check": false
    },
    {
        "brgy": "Macawayan",
        "municipality": "Irosin",
        "city": "Sorsogon",
        "id": "lrdnwdb6zzc60j1ikva",
        "check": false
    },
    {
        "brgy": "Mapaso",
        "municipality": "Irosin",
        "city": "Sorsogon",
        "id": "lrdnwdb6xhw55845wtk",
        "check": false
    },
    {
        "brgy": "Monbon",
        "municipality": "Irosin",
        "city": "Sorsogon",
        "id": "lrdnwdb6gp1d193jlhn",
        "check": false
    },
    {
        "brgy": "Patag",
        "municipality": "Irosin",
        "city": "Sorsogon",
        "id": "lrdnwdb6r4fmr0wpr8",
        "check": false
    },
    {
        "brgy": "Salvacion",
        "municipality": "Irosin",
        "city": "Sorsogon",
        "id": "lrdnwdb61jlpto7irwa",
        "check": false
    },
    {
        "brgy": "San Agustin",
        "municipality": "Irosin",
        "city": "Sorsogon",
        "id": "lrdnwdb6y50pxrhve0g",
        "check": false
    },
    {
        "brgy": "San Isidro",
        "municipality": "Irosin",
        "city": "Sorsogon",
        "id": "lrdnwdb65eytd2e8dah",
        "check": false
    },
    {
        "brgy": "San Juan",
        "municipality": "Irosin",
        "city": "Sorsogon",
        "id": "lrdnwdb6udsln1hsu8",
        "check": false
    },
    {
        "brgy": "San Julian",
        "municipality": "Irosin",
        "city": "Sorsogon",
        "id": "lrdnwdb6rmlo30sg1po",
        "check": false
    },
    {
        "brgy": "San Pedro",
        "municipality": "Irosin",
        "city": "Sorsogon",
        "id": "lrdnwdb6f292pv9bk5",
        "check": false
    },
    {
        "brgy": "Santo Domingo",
        "municipality": "Irosin",
        "city": "Sorsogon",
        "id": "lrdnwdb7ftu6iuwcqsa",
        "check": false
    },
    {
        "brgy": "Tabon-Tabon",
        "municipality": "Irosin",
        "city": "Sorsogon",
        "id": "lrdnwdb7pelz1rbhkmj",
        "check": false
    },
    {
        "brgy": "Tinampo",
        "municipality": "Irosin",
        "city": "Sorsogon",
        "id": "lrdnwdb756qi4snu2c",
        "check": false
    },
    {
        "brgy": "Tongdol",
        "municipality": "Irosin",
        "city": "Sorsogon",
        "id": "lrdnwdb7h0gnfom48w",
        "check": false
    },
    {
        "brgy": "Anog",
        "municipality": "Juban",
        "city": "Sorsogon",
        "id": "lrdnwdb755invdxxs5v",
        "check": false
    },
    {
        "brgy": "Aroroy",
        "municipality": "Juban",
        "city": "Sorsogon",
        "id": "lrdnwdb7njftq0qz9rg",
        "check": false
    },
    {
        "brgy": "Bacolod",
        "municipality": "Juban",
        "city": "Sorsogon",
        "id": "lrdnwdb7vy2mrq9k4g",
        "check": false
    },
    {
        "brgy": "Binanuahan",
        "municipality": "Juban",
        "city": "Sorsogon",
        "id": "lrdnwdb7bsl792r3zyg",
        "check": false
    },
    {
        "brgy": "Biriran",
        "municipality": "Juban",
        "city": "Sorsogon",
        "id": "lrdnwdb77ng9qohddde",
        "check": false
    },
    {
        "brgy": "Buraburan",
        "municipality": "Juban",
        "city": "Sorsogon",
        "id": "lrdnwdb74io0fgf0l6",
        "check": false
    },
    {
        "brgy": "Calateo",
        "municipality": "Juban",
        "city": "Sorsogon",
        "id": "lrdnwdb7upf8zl3e9f",
        "check": false
    },
    {
        "brgy": "Calmayon",
        "municipality": "Juban",
        "city": "Sorsogon",
        "id": "lrdnwdb7wwde1msm1wc",
        "check": false
    },
    {
        "brgy": "Carohayon",
        "municipality": "Juban",
        "city": "Sorsogon",
        "id": "lrdnwdb7x3h46l5mayq",
        "check": false
    },
    {
        "brgy": "Catanagan",
        "municipality": "Juban",
        "city": "Sorsogon",
        "id": "lrdnwdb73w336q8wt65",
        "check": false
    },
    {
        "brgy": "Catanusan",
        "municipality": "Juban",
        "city": "Sorsogon",
        "id": "lrdnwdb7nbesggmasr9",
        "check": false
    },
    {
        "brgy": "Cogon",
        "municipality": "Juban",
        "city": "Sorsogon",
        "id": "lrdnwdb76wjdenwfgkr",
        "check": false
    },
    {
        "brgy": "Embarcadero",
        "municipality": "Juban",
        "city": "Sorsogon",
        "id": "lrdnwdb75e2l7x05eoy",
        "check": false
    },
    {
        "brgy": "Guruyan",
        "municipality": "Juban",
        "city": "Sorsogon",
        "id": "lrdnwdb7k3z6z6zqof",
        "check": false
    },
    {
        "brgy": "Lajong",
        "municipality": "Juban",
        "city": "Sorsogon",
        "id": "lrdnwdb76mmpx2wt24h",
        "check": false
    },
    {
        "brgy": "Maalo",
        "municipality": "Juban",
        "city": "Sorsogon",
        "id": "lrdnwdb7z7gnr93qn8",
        "check": false
    },
    {
        "brgy": "North Poblacion",
        "municipality": "Juban",
        "city": "Sorsogon",
        "id": "lrdnwdb75ws40zkmvb9",
        "check": false
    },
    {
        "brgy": "Puting Sapa",
        "municipality": "Juban",
        "city": "Sorsogon",
        "id": "lrdnwdb7ycewj2p3wuh",
        "check": false
    },
    {
        "brgy": "Rangas",
        "municipality": "Juban",
        "city": "Sorsogon",
        "id": "lrdnwdb72sf0jk7kqai",
        "check": false
    },
    {
        "brgy": "Sablayan",
        "municipality": "Juban",
        "city": "Sorsogon",
        "id": "lrdnwdb7y9ekpvjz0f",
        "check": false
    },
    {
        "brgy": "Sipaya",
        "municipality": "Juban",
        "city": "Sorsogon",
        "id": "lrdnwdb7470ycvtqesj",
        "check": false
    },
    {
        "brgy": "South Poblacion",
        "municipality": "Juban",
        "city": "Sorsogon",
        "id": "lrdnwdb76fly3pvppi3",
        "check": false
    },
    {
        "brgy": "Taboc",
        "municipality": "Juban",
        "city": "Sorsogon",
        "id": "lrdnwdb74b0b7t4f1xw",
        "check": false
    },
    {
        "brgy": "Tinago",
        "municipality": "Juban",
        "city": "Sorsogon",
        "id": "lrdnwdb7l6cpa5vod3",
        "check": false
    },
    {
        "brgy": "Tughan",
        "municipality": "Juban",
        "city": "Sorsogon",
        "id": "lrdnwdb75c79a63ic9w",
        "check": false
    },
    {
        "brgy": "Aguada Norte",
        "municipality": "Magallanes",
        "city": "Sorsogon",
        "id": "lrdnwdb79tce33ek8ch",
        "check": false
    },
    {
        "brgy": "Aguada Sur",
        "municipality": "Magallanes",
        "city": "Sorsogon",
        "id": "lrdnwdb7vjlznktgafl",
        "check": false
    },
    {
        "brgy": "Anibong",
        "municipality": "Magallanes",
        "city": "Sorsogon",
        "id": "lrdnwdb7ar07ru8ppwe",
        "check": false
    },
    {
        "brgy": "Bacalon",
        "municipality": "Magallanes",
        "city": "Sorsogon",
        "id": "lrdnwdb7bmbekvt0btj",
        "check": false
    },
    {
        "brgy": "Bacolod",
        "municipality": "Magallanes",
        "city": "Sorsogon",
        "id": "lrdnwdb7ncxskgm592c",
        "check": false
    },
    {
        "brgy": "Banacud",
        "municipality": "Magallanes",
        "city": "Sorsogon",
        "id": "lrdnwdb7h38b0do42i9",
        "check": false
    },
    {
        "brgy": "Behia",
        "municipality": "Magallanes",
        "city": "Sorsogon",
        "id": "lrdnwdb7o4sc0ro5fke",
        "check": false
    },
    {
        "brgy": "Biga",
        "municipality": "Magallanes",
        "city": "Sorsogon",
        "id": "lrdnwdb7y57dzmuf7ki",
        "check": false
    },
    {
        "brgy": "Binisitahan del Norte",
        "municipality": "Magallanes",
        "city": "Sorsogon",
        "id": "lrdnwdb7fp4ybjhqjrm",
        "check": false
    },
    {
        "brgy": "Binisitahan del Sur",
        "municipality": "Magallanes",
        "city": "Sorsogon",
        "id": "lrdnwdb7kehufy3yshc",
        "check": false
    },
    {
        "brgy": "Biton",
        "municipality": "Magallanes",
        "city": "Sorsogon",
        "id": "lrdnwdb7xu76orlauma",
        "check": false
    },
    {
        "brgy": "Bulala",
        "municipality": "Magallanes",
        "city": "Sorsogon",
        "id": "lrdnwdb7ab9n4hlh1un",
        "check": false
    },
    {
        "brgy": "Busay",
        "municipality": "Magallanes",
        "city": "Sorsogon",
        "id": "lrdnwdb7fyjozkzsxep",
        "check": false
    },
    {
        "brgy": "Caditaan",
        "municipality": "Magallanes",
        "city": "Sorsogon",
        "id": "lrdnwdb725xqysqzmkh",
        "check": false
    },
    {
        "brgy": "Cagbolo",
        "municipality": "Magallanes",
        "city": "Sorsogon",
        "id": "lrdnwdb7eo233es9h4",
        "check": false
    },
    {
        "brgy": "Cagtalaba",
        "municipality": "Magallanes",
        "city": "Sorsogon",
        "id": "lrdnwdb711cwoljce0fl",
        "check": false
    },
    {
        "brgy": "Cawit Extension",
        "municipality": "Magallanes",
        "city": "Sorsogon",
        "id": "lrdnwdb87rpyqua8043",
        "check": false
    },
    {
        "brgy": "Cawit Proper",
        "municipality": "Magallanes",
        "city": "Sorsogon",
        "id": "lrdnwdb8djb2dgibqe4",
        "check": false
    },
    {
        "brgy": "Ginangra",
        "municipality": "Magallanes",
        "city": "Sorsogon",
        "id": "lrdnwdb8yqasbp8fojk",
        "check": false
    },
    {
        "brgy": "Hubo",
        "municipality": "Magallanes",
        "city": "Sorsogon",
        "id": "lrdnwdb8rlix4nnalc8",
        "check": false
    },
    {
        "brgy": "Incarizan",
        "municipality": "Magallanes",
        "city": "Sorsogon",
        "id": "lrdnwdb8fuy4tmq9u8",
        "check": false
    },
    {
        "brgy": "Lapinig",
        "municipality": "Magallanes",
        "city": "Sorsogon",
        "id": "lrdnwdb85m8x59xck5h",
        "check": false
    },
    {
        "brgy": "Magsaysay",
        "municipality": "Magallanes",
        "city": "Sorsogon",
        "id": "lrdnwdb84i0zj71g5sv",
        "check": false
    },
    {
        "brgy": "Malbog",
        "municipality": "Magallanes",
        "city": "Sorsogon",
        "id": "lrdnwdb8ri5ba39e6m",
        "check": false
    },
    {
        "brgy": "Pantalan",
        "municipality": "Magallanes",
        "city": "Sorsogon",
        "id": "lrdnwdb8dqdjcfe6ezg",
        "check": false
    },
    {
        "brgy": "Pawik",
        "municipality": "Magallanes",
        "city": "Sorsogon",
        "id": "lrdnwdb88v9y0n86db4",
        "check": false
    },
    {
        "brgy": "Pili",
        "municipality": "Magallanes",
        "city": "Sorsogon",
        "id": "lrdnwdb88begiu3tbrm",
        "check": false
    },
    {
        "brgy": "Poblacion",
        "municipality": "Magallanes",
        "city": "Sorsogon",
        "id": "lrdnwdb83bwpotb7fem",
        "check": false
    },
    {
        "brgy": "Salvacion",
        "municipality": "Magallanes",
        "city": "Sorsogon",
        "id": "lrdnwdb8b19s6i6dvhr",
        "check": false
    },
    {
        "brgy": "Santa Elena",
        "municipality": "Magallanes",
        "city": "Sorsogon",
        "id": "lrdnwdb8xfusnewh75",
        "check": false
    },
    {
        "brgy": "Siuton",
        "municipality": "Magallanes",
        "city": "Sorsogon",
        "id": "lrdnwdb8lvc7px946k8",
        "check": false
    },
    {
        "brgy": "Tagas",
        "municipality": "Magallanes",
        "city": "Sorsogon",
        "id": "lrdnwdb85qq5nh1ovwg",
        "check": false
    },
    {
        "brgy": "Tulatula Norte",
        "municipality": "Magallanes",
        "city": "Sorsogon",
        "id": "lrdnwdb86u5cazcfh9j",
        "check": false
    },
    {
        "brgy": "Tulatula Sur",
        "municipality": "Magallanes",
        "city": "Sorsogon",
        "id": "lrdnwdb8m845gf7vi2",
        "check": false
    },
    {
        "brgy": "Balocawe",
        "municipality": "Matnog",
        "city": "Sorsogon",
        "id": "lrdnwdb8oxlx32hpao",
        "check": false
    },
    {
        "brgy": "Banogao",
        "municipality": "Matnog",
        "city": "Sorsogon",
        "id": "lrdnwdb8hoph5oztic",
        "check": false
    },
    {
        "brgy": "Banuangdaan",
        "municipality": "Matnog",
        "city": "Sorsogon",
        "id": "lrdnwdb8kvbywvvo73d",
        "check": false
    },
    {
        "brgy": "Bariis",
        "municipality": "Matnog",
        "city": "Sorsogon",
        "id": "lrdnwdb8msj4gb01yg",
        "check": false
    },
    {
        "brgy": "Bolo",
        "municipality": "Matnog",
        "city": "Sorsogon",
        "id": "lrdnwdb83y4gkvae90s",
        "check": false
    },
    {
        "brgy": "Bon-ot Big",
        "municipality": "Matnog",
        "city": "Sorsogon",
        "id": "lrdnwdb8n497jw5od",
        "check": false
    },
    {
        "brgy": "Bon-ot Small",
        "municipality": "Matnog",
        "city": "Sorsogon",
        "id": "lrdnwdb8gd5kcd39w9w",
        "check": false
    },
    {
        "brgy": "Cabagahan",
        "municipality": "Matnog",
        "city": "Sorsogon",
        "id": "lrdnwdb8l5744ael2v",
        "check": false
    },
    {
        "brgy": "Calayuan",
        "municipality": "Matnog",
        "city": "Sorsogon",
        "id": "lrdnwdb8udeqpjsz55h",
        "check": false
    },
    {
        "brgy": "Calintaan",
        "municipality": "Matnog",
        "city": "Sorsogon",
        "id": "lrdnwdb82u5sljiqeor",
        "check": false
    },
    {
        "brgy": "Caloocan",
        "municipality": "Matnog",
        "city": "Sorsogon",
        "id": "lrdnwdb8sif2yb6nfcl",
        "check": false
    },
    {
        "brgy": "Calpi",
        "municipality": "Matnog",
        "city": "Sorsogon",
        "id": "lrdnwdb84x1hzf9xvol",
        "check": false
    },
    {
        "brgy": "Camachiles",
        "municipality": "Matnog",
        "city": "Sorsogon",
        "id": "lrdnwdb8b9xrpqyhxs5",
        "check": false
    },
    {
        "brgy": "Camcaman",
        "municipality": "Matnog",
        "city": "Sorsogon",
        "id": "lrdnwdb8ryrjcvdw1zj",
        "check": false
    },
    {
        "brgy": "Coron-coron",
        "municipality": "Matnog",
        "city": "Sorsogon",
        "id": "lrdnwdb8zirghj1n55f",
        "check": false
    },
    {
        "brgy": "Culasi",
        "municipality": "Matnog",
        "city": "Sorsogon",
        "id": "lrdnwdb8avw4qeozllj",
        "check": false
    },
    {
        "brgy": "Gadgaron",
        "municipality": "Matnog",
        "city": "Sorsogon",
        "id": "lrdnwdb8z6x8r963mn",
        "check": false
    },
    {
        "brgy": "Genablan Occidental",
        "municipality": "Matnog",
        "city": "Sorsogon",
        "id": "lrdnwdb8o5np860sppc",
        "check": false
    },
    {
        "brgy": "Genablan Oriental",
        "municipality": "Matnog",
        "city": "Sorsogon",
        "id": "lrdnwdb8h9ygke18k0u",
        "check": false
    },
    {
        "brgy": "Hidhid",
        "municipality": "Matnog",
        "city": "Sorsogon",
        "id": "lrdnwdb8gsp0fgn70r",
        "check": false
    },
    {
        "brgy": "Laboy",
        "municipality": "Matnog",
        "city": "Sorsogon",
        "id": "lrdnwdb80t8f4znavi4",
        "check": false
    },
    {
        "brgy": "Lajong",
        "municipality": "Matnog",
        "city": "Sorsogon",
        "id": "lrdnwdb8dxdnw7doa1b",
        "check": false
    },
    {
        "brgy": "Mambajog",
        "municipality": "Matnog",
        "city": "Sorsogon",
        "id": "lrdnwdb8r5ucgzpe4s",
        "check": false
    },
    {
        "brgy": "Manjunlad",
        "municipality": "Matnog",
        "city": "Sorsogon",
        "id": "lrdnwdb8l2m8jbmrf",
        "check": false
    },
    {
        "brgy": "Manurabi",
        "municipality": "Matnog",
        "city": "Sorsogon",
        "id": "lrdnwdb8zbidc8qlyvh",
        "check": false
    },
    {
        "brgy": "Naburacan",
        "municipality": "Matnog",
        "city": "Sorsogon",
        "id": "lrdnwdb86tgq2r04tq5",
        "check": false
    },
    {
        "brgy": "Paghuliran",
        "municipality": "Matnog",
        "city": "Sorsogon",
        "id": "lrdnwdb830kta9s86yq",
        "check": false
    },
    {
        "brgy": "Pangi",
        "municipality": "Matnog",
        "city": "Sorsogon",
        "id": "lrdnwdb90tp1mrz8ejm",
        "check": false
    },
    {
        "brgy": "Pawa",
        "municipality": "Matnog",
        "city": "Sorsogon",
        "id": "lrdnwdb9uz7swjnt9bs",
        "check": false
    },
    {
        "brgy": "Poropandan",
        "municipality": "Matnog",
        "city": "Sorsogon",
        "id": "lrdnwdb9lvjyuc07hme",
        "check": false
    },
    {
        "brgy": "Santa Isabel",
        "municipality": "Matnog",
        "city": "Sorsogon",
        "id": "lrdnwdb9wgoxu50bv3",
        "check": false
    },
    {
        "brgy": "Sinalmacan",
        "municipality": "Matnog",
        "city": "Sorsogon",
        "id": "lrdnwdb9vig66gpr0ym",
        "check": false
    },
    {
        "brgy": "Sinang-atan",
        "municipality": "Matnog",
        "city": "Sorsogon",
        "id": "lrdnwdb9rz7ti3xcz9",
        "check": false
    },
    {
        "brgy": "Sinibaran",
        "municipality": "Matnog",
        "city": "Sorsogon",
        "id": "lrdnwdbdbis3srvvpm",
        "check": false
    },
    {
        "brgy": "Sisigon",
        "municipality": "Matnog",
        "city": "Sorsogon",
        "id": "lrdnwdbdefc8x8ahvbh",
        "check": false
    },
    {
        "brgy": "Sua",
        "municipality": "Matnog",
        "city": "Sorsogon",
        "id": "lrdnwdbdeizyy19q5q9",
        "check": false
    },
    {
        "brgy": "Sulangan",
        "municipality": "Matnog",
        "city": "Sorsogon",
        "id": "lrdnwdbdur6idac38qo",
        "check": false
    },
    {
        "brgy": "Tablac",
        "municipality": "Matnog",
        "city": "Sorsogon",
        "id": "lrdnwdbdjwtk8hf9pgm",
        "check": false
    },
    {
        "brgy": "Tabunan",
        "municipality": "Matnog",
        "city": "Sorsogon",
        "id": "lrdnwdbdxbu0z66t7op",
        "check": false
    },
    {
        "brgy": "Tugas",
        "municipality": "Matnog",
        "city": "Sorsogon",
        "id": "lrdnwdbdligyuzlnrle",
        "check": false
    },
    {
        "brgy": "Abas",
        "municipality": "Pilar",
        "city": "Sorsogon",
        "id": "lrdnwdbdcb4krawq7iq",
        "check": false
    },
    {
        "brgy": "Abucay",
        "municipality": "Pilar",
        "city": "Sorsogon",
        "id": "lrdnwdbdo375oqyx0oc",
        "check": false
    },
    {
        "brgy": "Bantayan",
        "municipality": "Pilar",
        "city": "Sorsogon",
        "id": "lrdnwdbdqzlsh4ab",
        "check": false
    },
    {
        "brgy": "Banuyo",
        "municipality": "Pilar",
        "city": "Sorsogon",
        "id": "lrdnwdbdtfw5fhwu3ck",
        "check": false
    },
    {
        "brgy": "Bayasong",
        "municipality": "Pilar",
        "city": "Sorsogon",
        "id": "lrdnwdbdk7ucvvdl6mn",
        "check": false
    },
    {
        "brgy": "Bayawas",
        "municipality": "Pilar",
        "city": "Sorsogon",
        "id": "lrdnwdbd2lyd71hc4gc",
        "check": false
    },
    {
        "brgy": "Binanuahan",
        "municipality": "Pilar",
        "city": "Sorsogon",
        "id": "lrdnwdbdegvad61rmr5",
        "check": false
    },
    {
        "brgy": "Cabiguan",
        "municipality": "Pilar",
        "city": "Sorsogon",
        "id": "lrdnwdbd1q4xpz1pxzm",
        "check": false
    },
    {
        "brgy": "Cagdongon",
        "municipality": "Pilar",
        "city": "Sorsogon",
        "id": "lrdnwdbd10pw5qmttj8d",
        "check": false
    },
    {
        "brgy": "Calongay",
        "municipality": "Pilar",
        "city": "Sorsogon",
        "id": "lrdnwdbdexetmj5re9",
        "check": false
    },
    {
        "brgy": "Calpi",
        "municipality": "Pilar",
        "city": "Sorsogon",
        "id": "lrdnwdbdcibjadafltp",
        "check": false
    },
    {
        "brgy": "Catamlangan",
        "municipality": "Pilar",
        "city": "Sorsogon",
        "id": "lrdnwdbdjw8ba95enp",
        "check": false
    },
    {
        "brgy": "Comapo-capo",
        "municipality": "Pilar",
        "city": "Sorsogon",
        "id": "lrdnwdbdudsy96sdz8f",
        "check": false
    },
    {
        "brgy": "Danlog",
        "municipality": "Pilar",
        "city": "Sorsogon",
        "id": "lrdnwdbd8e9tizao4nk",
        "check": false
    },
    {
        "brgy": "Dao",
        "municipality": "Pilar",
        "city": "Sorsogon",
        "id": "lrdnwdbde1x8tmkelrd",
        "check": false
    },
    {
        "brgy": "Dapdap",
        "municipality": "Pilar",
        "city": "Sorsogon",
        "id": "lrdnwdbdytho00epd3b",
        "check": false
    },
    {
        "brgy": "Del Rosario",
        "municipality": "Pilar",
        "city": "Sorsogon",
        "id": "lrdnwdbdosbkk5kenw",
        "check": false
    },
    {
        "brgy": "Esmerada",
        "municipality": "Pilar",
        "city": "Sorsogon",
        "id": "lrdnwdbdoekkm68dwek",
        "check": false
    },
    {
        "brgy": "Esperanza",
        "municipality": "Pilar",
        "city": "Sorsogon",
        "id": "lrdnwdbddi10jf5xza",
        "check": false
    },
    {
        "brgy": "Ginablan",
        "municipality": "Pilar",
        "city": "Sorsogon",
        "id": "lrdnwdbdvkxj4brkhxb",
        "check": false
    },
    {
        "brgy": "Guiron",
        "municipality": "Pilar",
        "city": "Sorsogon",
        "id": "lrdnwdbdaszmr924m8b",
        "check": false
    },
    {
        "brgy": "Inang",
        "municipality": "Pilar",
        "city": "Sorsogon",
        "id": "lrdnwdbdfdinfzczwnj",
        "check": false
    },
    {
        "brgy": "Inapugan",
        "municipality": "Pilar",
        "city": "Sorsogon",
        "id": "lrdnwdbd489074nnpef",
        "check": false
    },
    {
        "brgy": "Leona",
        "municipality": "Pilar",
        "city": "Sorsogon",
        "id": "lrdnwdbdmizx821qm7",
        "check": false
    },
    {
        "brgy": "Lipason",
        "municipality": "Pilar",
        "city": "Sorsogon",
        "id": "lrdnwdbf06val9g1mbew",
        "check": false
    },
    {
        "brgy": "Lourdes",
        "municipality": "Pilar",
        "city": "Sorsogon",
        "id": "lrdnwdbfxi7rmdoqsv8",
        "check": false
    },
    {
        "brgy": "Lubiano",
        "municipality": "Pilar",
        "city": "Sorsogon",
        "id": "lrdnwdbfbr6dx1e9gvl",
        "check": false
    },
    {
        "brgy": "Lumbang",
        "municipality": "Pilar",
        "city": "Sorsogon",
        "id": "lrdnwdbfyqw7q63qv",
        "check": false
    },
    {
        "brgy": "Lungib",
        "municipality": "Pilar",
        "city": "Sorsogon",
        "id": "lrdnwdbf3x4n1hxu6lt",
        "check": false
    },
    {
        "brgy": "Mabanate",
        "municipality": "Pilar",
        "city": "Sorsogon",
        "id": "lrdnwdbf5x8b1gwx6eb",
        "check": false
    },
    {
        "brgy": "Malbog",
        "municipality": "Pilar",
        "city": "Sorsogon",
        "id": "lrdnwdbfi01n7er4kg",
        "check": false
    },
    {
        "brgy": "Marifosque",
        "municipality": "Pilar",
        "city": "Sorsogon",
        "id": "lrdnwdbf1wltewxdnmi",
        "check": false
    },
    {
        "brgy": "Mercedes",
        "municipality": "Pilar",
        "city": "Sorsogon",
        "id": "lrdnwdbf8em8vyg27qn",
        "check": false
    },
    {
        "brgy": "Migabod",
        "municipality": "Pilar",
        "city": "Sorsogon",
        "id": "lrdnwdbf6twyo0pum7l",
        "check": false
    },
    {
        "brgy": "Naspi",
        "municipality": "Pilar",
        "city": "Sorsogon",
        "id": "lrdnwdbftp9r5hzek8i",
        "check": false
    },
    {
        "brgy": "Palanas",
        "municipality": "Pilar",
        "city": "Sorsogon",
        "id": "lrdnwdbf13at0vwjs2fj",
        "check": false
    },
    {
        "brgy": "Pangpang",
        "municipality": "Pilar",
        "city": "Sorsogon",
        "id": "lrdnwdbfzf3oafj0w7k",
        "check": false
    },
    {
        "brgy": "Pinagsalog",
        "municipality": "Pilar",
        "city": "Sorsogon",
        "id": "lrdnwdbfr6xddfpfcip",
        "check": false
    },
    {
        "brgy": "Pineda",
        "municipality": "Pilar",
        "city": "Sorsogon",
        "id": "lrdnwdbfbhearajezwg",
        "check": false
    },
    {
        "brgy": "Poctol",
        "municipality": "Pilar",
        "city": "Sorsogon",
        "id": "lrdnwdbfojl9m9lv7fn",
        "check": false
    },
    {
        "brgy": "Pudo",
        "municipality": "Pilar",
        "city": "Sorsogon",
        "id": "lrdnwdbflcdb89x2t4",
        "check": false
    },
    {
        "brgy": "Putiao",
        "municipality": "Pilar",
        "city": "Sorsogon",
        "id": "lrdnwdbfzm3mu45ls1",
        "check": false
    },
    {
        "brgy": "Sacnangan",
        "municipality": "Pilar",
        "city": "Sorsogon",
        "id": "lrdnwdbfmho33vya7n",
        "check": false
    },
    {
        "brgy": "Salvacion",
        "municipality": "Pilar",
        "city": "Sorsogon",
        "id": "lrdnwdbfmx194kpcca",
        "check": false
    },
    {
        "brgy": "San Antonio (Millabas)",
        "municipality": "Pilar",
        "city": "Sorsogon",
        "id": "lrdnwdbfnh5rpsobxc9",
        "check": false
    },
    {
        "brgy": "San Antonio (Sapa)",
        "municipality": "Pilar",
        "city": "Sorsogon",
        "id": "lrdnwdbf1puqtj0mko6i",
        "check": false
    },
    {
        "brgy": "San Jose",
        "municipality": "Pilar",
        "city": "Sorsogon",
        "id": "lrdnwdbfibjh3nfltyc",
        "check": false
    },
    {
        "brgy": "San Rafael",
        "municipality": "Pilar",
        "city": "Sorsogon",
        "id": "lrdnwdbfyefjqw5dqdr",
        "check": false
    },
    {
        "brgy": "Santa Fe",
        "municipality": "Pilar",
        "city": "Sorsogon",
        "id": "lrdnwdbfgg4yy2v09r7",
        "check": false
    },
    {
        "brgy": "Brillante",
        "municipality": "Prieto Diaz",
        "city": "Sorsogon",
        "id": "lrdnwdbfswwdru0eqd",
        "check": false
    },
    {
        "brgy": "Bulawan",
        "municipality": "Prieto Diaz",
        "city": "Sorsogon",
        "id": "lrdnwdbfwucc4kpl49",
        "check": false
    },
    {
        "brgy": "Calao",
        "municipality": "Prieto Diaz",
        "city": "Sorsogon",
        "id": "lrdnwdbf7o4q8rowlme",
        "check": false
    },
    {
        "brgy": "Carayat",
        "municipality": "Prieto Diaz",
        "city": "Sorsogon",
        "id": "lrdnwdbfdi0bynpdtjf",
        "check": false
    },
    {
        "brgy": "Diamante",
        "municipality": "Prieto Diaz",
        "city": "Sorsogon",
        "id": "lrdnwdbfuomd5zf12",
        "check": false
    },
    {
        "brgy": "Gogon",
        "municipality": "Prieto Diaz",
        "city": "Sorsogon",
        "id": "lrdnwdbfmmhcrt75zy",
        "check": false
    },
    {
        "brgy": "Lupi",
        "municipality": "Prieto Diaz",
        "city": "Sorsogon",
        "id": "lrdnwdbfjqb32imrzh",
        "check": false
    },
    {
        "brgy": "Maningcay de Oro",
        "municipality": "Prieto Diaz",
        "city": "Sorsogon",
        "id": "lrdnwdbf4ivb5idpjpl",
        "check": false
    },
    {
        "brgy": "Manlabong",
        "municipality": "Prieto Diaz",
        "city": "Sorsogon",
        "id": "lrdnwdbfgki0gpnb0b8",
        "check": false
    },
    {
        "brgy": "Perlas",
        "municipality": "Prieto Diaz",
        "city": "Sorsogon",
        "id": "lrdnwdbfpqf35f04tc8",
        "check": false
    },
    {
        "brgy": "Quidolog",
        "municipality": "Prieto Diaz",
        "city": "Sorsogon",
        "id": "lrdnwdbfozatf7mcgic",
        "check": false
    },
    {
        "brgy": "Rizal",
        "municipality": "Prieto Diaz",
        "city": "Sorsogon",
        "id": "lrdnwdbf1jqvhuqm6ua",
        "check": false
    },
    {
        "brgy": "San Antonio",
        "municipality": "Prieto Diaz",
        "city": "Sorsogon",
        "id": "lrdnwdbfys8oap1n0t",
        "check": false
    },
    {
        "brgy": "San Fernando",
        "municipality": "Prieto Diaz",
        "city": "Sorsogon",
        "id": "lrdnwdbf2n8fzrixtul",
        "check": false
    },
    {
        "brgy": "San Isidro",
        "municipality": "Prieto Diaz",
        "city": "Sorsogon",
        "id": "lrdnwdbfw4p3z8xiemj",
        "check": false
    },
    {
        "brgy": "San Juan",
        "municipality": "Prieto Diaz",
        "city": "Sorsogon",
        "id": "lrdnwdbf6umigccmw32",
        "check": false
    },
    {
        "brgy": "San Rafael",
        "municipality": "Prieto Diaz",
        "city": "Sorsogon",
        "id": "lrdnwdbfy4fxvo5lg8b",
        "check": false
    },
    {
        "brgy": "San Ramon",
        "municipality": "Prieto Diaz",
        "city": "Sorsogon",
        "id": "lrdnwdbf2dohelzytzn",
        "check": false
    },
    {
        "brgy": "Santa Lourdes",
        "municipality": "Prieto Diaz",
        "city": "Sorsogon",
        "id": "lrdnwdbfg7zfxuczbzk",
        "check": false
    },
    {
        "brgy": "Santo Domingo",
        "municipality": "Prieto Diaz",
        "city": "Sorsogon",
        "id": "lrdnwdbfew53p9dccok",
        "check": false
    },
    {
        "brgy": "Talisayan",
        "municipality": "Prieto Diaz",
        "city": "Sorsogon",
        "id": "lrdnwdbf7pslhsz9zmf",
        "check": false
    },
    {
        "brgy": "Tupaz",
        "municipality": "Prieto Diaz",
        "city": "Sorsogon",
        "id": "lrdnwdbf43xm3990ksx",
        "check": false
    },
    {
        "brgy": "Ulag",
        "municipality": "Prieto Diaz",
        "city": "Sorsogon",
        "id": "lrdnwdbf4us4383jni8",
        "check": false
    },
    {
        "brgy": "Barangay Poblacion I",
        "municipality": "Santa Magdalena",
        "city": "Sorsogon",
        "id": "lrdnwdbffgjayvzy13",
        "check": false
    },
    {
        "brgy": "Barangay Poblacion II",
        "municipality": "Santa Magdalena",
        "city": "Sorsogon",
        "id": "lrdnwdbffivrrdbxr0k",
        "check": false
    },
    {
        "brgy": "Barangay Poblacion III",
        "municipality": "Santa Magdalena",
        "city": "Sorsogon",
        "id": "lrdnwdbfkzobb5rfffg",
        "check": false
    },
    {
        "brgy": "Barangay Poblacion IV",
        "municipality": "Santa Magdalena",
        "city": "Sorsogon",
        "id": "lrdnwdbfs68t6uyo87e",
        "check": false
    },
    {
        "brgy": "La Esperanza",
        "municipality": "Santa Magdalena",
        "city": "Sorsogon",
        "id": "lrdnwdbfpeutuqw4szp",
        "check": false
    },
    {
        "brgy": "Peñafrancia",
        "municipality": "Santa Magdalena",
        "city": "Sorsogon",
        "id": "lrdnwdbfxkju35ko3i",
        "check": false
    },
    {
        "brgy": "Salvacion",
        "municipality": "Santa Magdalena",
        "city": "Sorsogon",
        "id": "lrdnwdbgjcgdskdo1w",
        "check": false
    },
    {
        "brgy": "San Antonio",
        "municipality": "Santa Magdalena",
        "city": "Sorsogon",
        "id": "lrdnwdbgga5nm9zf22v",
        "check": false
    },
    {
        "brgy": "San Bartolome",
        "municipality": "Santa Magdalena",
        "city": "Sorsogon",
        "id": "lrdnwdbg7nu55pph7lo",
        "check": false
    },
    {
        "brgy": "San Eugenio",
        "municipality": "Santa Magdalena",
        "city": "Sorsogon",
        "id": "lrdnwdbg2f7vr8dz003",
        "check": false
    },
    {
        "brgy": "San Isidro",
        "municipality": "Santa Magdalena",
        "city": "Sorsogon",
        "id": "lrdnwdbghxja2eth1so",
        "check": false
    },
    {
        "brgy": "San Rafael",
        "municipality": "Santa Magdalena",
        "city": "Sorsogon",
        "id": "lrdnwdbg90gjb31ifr",
        "check": false
    },
    {
        "brgy": "San Roque",
        "municipality": "Santa Magdalena",
        "city": "Sorsogon",
        "id": "lrdnwdbgb6zvrc26co",
        "check": false
    },
    {
        "brgy": "San Sebastian",
        "municipality": "Santa Magdalena",
        "city": "Sorsogon",
        "id": "lrdnwdbgxyw5jasehz",
        "check": false
    },
    {
        "brgy": "Abuyog",
        "municipality": "Sorsogon City",
        "city": "Sorsogon",
        "id": "lrdnwdbgee0krmxs4sr",
        "check": false
    },
    {
        "brgy": "Almendras-Cogon",
        "municipality": "Sorsogon City",
        "city": "Sorsogon",
        "id": "lrdnwdbg1suvxbxy2dx",
        "check": false
    },
    {
        "brgy": "Balete",
        "municipality": "Sorsogon City",
        "city": "Sorsogon",
        "id": "lrdnwdbgtt3sbzspew8",
        "check": false
    },
    {
        "brgy": "Balogo (Bacon District)",
        "municipality": "Sorsogon City",
        "city": "Sorsogon",
        "id": "lrdnwdbgkl6gv3gqlx",
        "check": false
    },
    {
        "brgy": "Balogo (Sorsogon East District)",
        "municipality": "Sorsogon City",
        "city": "Sorsogon",
        "id": "lrdnwdbg58gxyz4ahh8",
        "check": false
    },
    {
        "brgy": "Barayong",
        "municipality": "Sorsogon City",
        "city": "Sorsogon",
        "id": "lrdnwdbglnodwu0c4e",
        "check": false
    },
    {
        "brgy": "Basud",
        "municipality": "Sorsogon City",
        "city": "Sorsogon",
        "id": "lrdnwdbgbvb26vi3gs4",
        "check": false
    },
    {
        "brgy": "Bato",
        "municipality": "Sorsogon City",
        "city": "Sorsogon",
        "id": "lrdnwdbgr6s14c3270q",
        "check": false
    },
    {
        "brgy": "Bibincahan",
        "municipality": "Sorsogon City",
        "city": "Sorsogon",
        "id": "lrdnwdbggwn1g981rul",
        "check": false
    },
    {
        "brgy": "Bitan-o/Dalipay",
        "municipality": "Sorsogon City",
        "city": "Sorsogon",
        "id": "lrdnwdbgwvd90xdibbc",
        "check": false
    },
    {
        "brgy": "Bogña",
        "municipality": "Sorsogon City",
        "city": "Sorsogon",
        "id": "lrdnwdbg91zmo75gqj",
        "check": false
    },
    {
        "brgy": "Bon-ot",
        "municipality": "Sorsogon City",
        "city": "Sorsogon",
        "id": "lrdnwdbghsx7mf7lknb",
        "check": false
    },
    {
        "brgy": "Bucalbucalan",
        "municipality": "Sorsogon City",
        "city": "Sorsogon",
        "id": "lrdnwdbgqvod6k31ng",
        "check": false
    },
    {
        "brgy": "Buenavista",
        "municipality": "Sorsogon City",
        "city": "Sorsogon",
        "id": "lrdnwdbgfjvvjcbvuo",
        "check": false
    },
    {
        "brgy": "Buenavista (Bacon District)",
        "municipality": "Sorsogon City",
        "city": "Sorsogon",
        "id": "lrdnwdbgiv72gvu901e",
        "check": false
    },
    {
        "brgy": "Buhatan",
        "municipality": "Sorsogon City",
        "city": "Sorsogon",
        "id": "lrdnwdbg8ndhif510f7",
        "check": false
    },
    {
        "brgy": "Bulabog",
        "municipality": "Sorsogon City",
        "city": "Sorsogon",
        "id": "lrdnwdbgw3vbn5he3i",
        "check": false
    },
    {
        "brgy": "Burabod",
        "municipality": "Sorsogon City",
        "city": "Sorsogon",
        "id": "lrdnwdbg98j6lb2840n",
        "check": false
    },
    {
        "brgy": "Cabarbuhan",
        "municipality": "Sorsogon City",
        "city": "Sorsogon",
        "id": "lrdnwdbgjsraovqwsbk",
        "check": false
    },
    {
        "brgy": "Cabid-an",
        "municipality": "Sorsogon City",
        "city": "Sorsogon",
        "id": "lrdnwdbgqk1udjdp4kf",
        "check": false
    },
    {
        "brgy": "Cambulaga",
        "municipality": "Sorsogon City",
        "city": "Sorsogon",
        "id": "lrdnwdbgkm8qa7zilha",
        "check": false
    },
    {
        "brgy": "Capuy",
        "municipality": "Sorsogon City",
        "city": "Sorsogon",
        "id": "lrdnwdbgbadi3wjgae8",
        "check": false
    },
    {
        "brgy": "Caricaran",
        "municipality": "Sorsogon City",
        "city": "Sorsogon",
        "id": "lrdnwdbgt6zwhdvwpx",
        "check": false
    },
    {
        "brgy": "Del Rosario",
        "municipality": "Sorsogon City",
        "city": "Sorsogon",
        "id": "lrdnwdbgqd1ra37oha",
        "check": false
    },
    {
        "brgy": "Gatbo",
        "municipality": "Sorsogon City",
        "city": "Sorsogon",
        "id": "lrdnwdbgd8adfqz2j1l",
        "check": false
    },
    {
        "brgy": "Gimaloto",
        "municipality": "Sorsogon City",
        "city": "Sorsogon",
        "id": "lrdnwdbg6u1vff7mpp",
        "check": false
    },
    {
        "brgy": "Guinlajon",
        "municipality": "Sorsogon City",
        "city": "Sorsogon",
        "id": "lrdnwdbge9va58io3u4",
        "check": false
    },
    {
        "brgy": "Jamislagan",
        "municipality": "Sorsogon City",
        "city": "Sorsogon",
        "id": "lrdnwdbgcwz0h3tjmxb",
        "check": false
    },
    {
        "brgy": "Macabog",
        "municipality": "Sorsogon City",
        "city": "Sorsogon",
        "id": "lrdnwdbgdhyx15wy1au",
        "check": false
    },
    {
        "brgy": "Maricrum",
        "municipality": "Sorsogon City",
        "city": "Sorsogon",
        "id": "lrdnwdbgx8ow0owqb5",
        "check": false
    },
    {
        "brgy": "Marinas",
        "municipality": "Sorsogon City",
        "city": "Sorsogon",
        "id": "lrdnwdbgurd2cgd06e",
        "check": false
    },
    {
        "brgy": "Osiao",
        "municipality": "Sorsogon City",
        "city": "Sorsogon",
        "id": "lrdnwdbgpq6mbuy3q1",
        "check": false
    },
    {
        "brgy": "Pamurayan",
        "municipality": "Sorsogon City",
        "city": "Sorsogon",
        "id": "lrdnwdbgy4bq03djz9i",
        "check": false
    },
    {
        "brgy": "Pangpang",
        "municipality": "Sorsogon City",
        "city": "Sorsogon",
        "id": "lrdnwdbg2v4m0a3u0i5",
        "check": false
    },
    {
        "brgy": "Panlayaan",
        "municipality": "Sorsogon City",
        "city": "Sorsogon",
        "id": "lrdnwdbgni9y7f5j3fa",
        "check": false
    },
    {
        "brgy": "Peñafrancia",
        "municipality": "Sorsogon City",
        "city": "Sorsogon",
        "id": "lrdnwdbgry8dzvdxc1",
        "check": false
    },
    {
        "brgy": "Piot",
        "municipality": "Sorsogon City",
        "city": "Sorsogon",
        "id": "lrdnwdbg828npzwi7qo",
        "check": false
    },
    {
        "brgy": "Poblacion",
        "municipality": "Sorsogon City",
        "city": "Sorsogon",
        "id": "lrdnwdbghhtwqt5hqn",
        "check": false
    },
    {
        "brgy": "Polvorista",
        "municipality": "Sorsogon City",
        "city": "Sorsogon",
        "id": "lrdnwdbg9n6ihh8lkz6",
        "check": false
    },
    {
        "brgy": "Rawis",
        "municipality": "Sorsogon City",
        "city": "Sorsogon",
        "id": "lrdnwdbgwki294oxikk",
        "check": false
    },
    {
        "brgy": "Rizal",
        "municipality": "Sorsogon City",
        "city": "Sorsogon",
        "id": "lrdnwdbg26yr5semz5y",
        "check": false
    },
    {
        "brgy": "Salog",
        "municipality": "Sorsogon City",
        "city": "Sorsogon",
        "id": "lrdnwdbg70iq33jgxv7",
        "check": false
    },
    {
        "brgy": "Salvacion",
        "municipality": "Sorsogon City",
        "city": "Sorsogon",
        "id": "lrdnwdbg3siddayjukn",
        "check": false
    },
    {
        "brgy": "Salvacion (Bacon District)",
        "municipality": "Sorsogon City",
        "city": "Sorsogon",
        "id": "lrdnwdbg8m9abw5hsur",
        "check": false
    },
    {
        "brgy": "Sampaloc",
        "municipality": "Sorsogon City",
        "city": "Sorsogon",
        "id": "lrdnwdbg5c36drxouuk",
        "check": false
    },
    {
        "brgy": "San Isidro",
        "municipality": "Sorsogon City",
        "city": "Sorsogon",
        "id": "lrdnwdbgg04s8cxl3cq",
        "check": false
    },
    {
        "brgy": "San Isidro (Bacon District)",
        "municipality": "Sorsogon City",
        "city": "Sorsogon",
        "id": "lrdnwdbghd0pn9d6fr4",
        "check": false
    },
    {
        "brgy": "San Juan (Bacon District)",
        "municipality": "Sorsogon City",
        "city": "Sorsogon",
        "id": "lrdnwdbg67dvk4huls",
        "check": false
    },
    {
        "brgy": "San Juan (Roro)",
        "municipality": "Sorsogon City",
        "city": "Sorsogon",
        "id": "lrdnwdbge63whadm7sp",
        "check": false
    },
    {
        "brgy": "San Pascual",
        "municipality": "Sorsogon City",
        "city": "Sorsogon",
        "id": "lrdnwdbgtcpixv3b8q",
        "check": false
    },
    {
        "brgy": "San Ramon",
        "municipality": "Sorsogon City",
        "city": "Sorsogon",
        "id": "lrdnwdbh99z8z89spdu",
        "check": false
    },
    {
        "brgy": "San Roque",
        "municipality": "Sorsogon City",
        "city": "Sorsogon",
        "id": "lrdnwdbhykhve7398t",
        "check": false
    },
    {
        "brgy": "San Vicente",
        "municipality": "Sorsogon City",
        "city": "Sorsogon",
        "id": "lrdnwdbhadi9kbvle2",
        "check": false
    },
    {
        "brgy": "Santa Cruz",
        "municipality": "Sorsogon City",
        "city": "Sorsogon",
        "id": "lrdnwdbhw9vy17qt8tb",
        "check": false
    },
    {
        "brgy": "Santa Lucia",
        "municipality": "Sorsogon City",
        "city": "Sorsogon",
        "id": "lrdnwdbhlm7irsuzbe",
        "check": false
    },
    {
        "brgy": "Santo Domingo",
        "municipality": "Sorsogon City",
        "city": "Sorsogon",
        "id": "lrdnwdbhex8bawpxfsf",
        "check": false
    },
    {
        "brgy": "Santo Niño",
        "municipality": "Sorsogon City",
        "city": "Sorsogon",
        "id": "lrdnwdbh93vvf3n68y",
        "check": false
    },
    {
        "brgy": "Sawanga",
        "municipality": "Sorsogon City",
        "city": "Sorsogon",
        "id": "lrdnwdbhb7zveu1rvc6",
        "check": false
    },
    {
        "brgy": "Sirangan",
        "municipality": "Sorsogon City",
        "city": "Sorsogon",
        "id": "lrdnwdbhe2uxrvo1kdv",
        "check": false
    },
    {
        "brgy": "Sugod",
        "municipality": "Sorsogon City",
        "city": "Sorsogon",
        "id": "lrdnwdbh91jcxjoseu7",
        "check": false
    },
    {
        "brgy": "Sulucan",
        "municipality": "Sorsogon City",
        "city": "Sorsogon",
        "id": "lrdnwdbhxiftuf70mt",
        "check": false
    },
    {
        "brgy": "Talisay",
        "municipality": "Sorsogon City",
        "city": "Sorsogon",
        "id": "lrdnwdbh3oxfuhevyz",
        "check": false
    },
    {
        "brgy": "Ticol",
        "municipality": "Sorsogon City",
        "city": "Sorsogon",
        "id": "lrdnwdbhk7n74562krb",
        "check": false
    },
    {
        "brgy": "Tugos",
        "municipality": "Sorsogon City",
        "city": "Sorsogon",
        "id": "lrdnwdbhq8otbdr4bqa",
        "check": false
    }
]